keyword;idObra;
thriller;4121;
;4163;
;64;
;62;
fiction;63;
;67;
;68;
;69;
;70;
action;73;
;74;
action;75;
;76;
fiction;77;
;79;
;80;
fiction;81;
;89;
west;92;
;93;
;94;
;96;
;97;
;98;
action;99;
action;133;
adult;143;
;147;
;150;
action;135;
;136;
;137;
;138;
;156;
;166;
;157;
war;160;
;161;
war;167;
action;168;
;174;
;177;
;178;
;176;
;182;
;188;
;192;
;140;
;196;
;200;
adult;206;
;141;
adult;209;
adult;210;
;211;
;213;
;214;
;215;
action;216;
;218;
;219;
;220;
action;222;
;224;
;225;
;227;
;228;
;229;
;232;
action;233;
;235;
;236;
family;237;
;238;
;240;
;241;
;239;
;242;
;243;
;244;
action;245;
;249;
;251;
;252;
adult;253;
action;254;
adult;234;
;255;
action;258;
;259;
;263;
action;267;
;268;
;270;
;269;
;271;
;262;
;272;
;274;
west;275;
action;277;
;278;
;279;
;280;
;281;
;284;
;285;
;286;
;287;
;290;
;288;
;292;
;293;
;295;
action;297;
;298;
;299;
;300;
;304;
;305;
;306;
;289;
;308;
action;309;
adult;312;
;313;
adult;314;
;315;
;316;
;317;
;318;
;320;
;321;
;323;
adult;324;
;325;
;329;
action;330;
;331;
;333;
action;334;
;336;
action;335;
action;337;
;340;
action;341;
war;343;
;345;
;346;
;347;
;348;
;349;
;350;
;351;
;352;
;353;
action;354;
;355;
;359;
;360;
action;363;
action;364;
;365;
;366;
;371;
action;372;
;373;
;374;
action;375;
;376;
;378;
;379;
adult;381;
action;382;
;383;
;362;
;384;
;385;
;387;
;388;
;390;
;393;
;394;
;395;
;396;
;399;
;400;
action;403;
;405;
action;406;
;407;
;408;
;409;
;411;
;415;
;416;
action;418;
;420;
musical;412;
;423;
adult;426;
action;427;
;428;
;429;
action;430;
;431;
;433;
;434;
;437;
;439;
;442;
;443;
;448;
;449;
;451;
;452;
action;453;
;454;
;455;
adult;456;
action;457;
;459;
;464;
;465;
action;466;
action;467;
;468;
;469;
;470;
;471;
;473;
;474;
war;475;
action;476;
;477;
;478;
;479;
;480;
;481;
;482;
;491;
;492;
;493;
;495;
;494;
;496;
;483;
action;485;
;486;
;498;
;500;
;501;
;502;
;503;
;504;
;505;
;506;
adult;507;
;509;
action;510;
;511;
;512;
;514;
;508;
;517;
action;518;
;521;
;522;
;523;
;524;
;528;
adult;529;
;531;
action;532;
;537;
;539;
;540;
;410;
;541;
action;542;
action;544;
action;543;
;545;
;546;
;547;
;548;
;550;
action;551;
action;552;
;553;
;554;
action;555;
historic;556;
;560;
musical;561;
;562;
action;563;
;565;
action;564;
;566;
;569;
;572;
;571;
;573;
;570;
;574;
action;578;
;579;
;580;
;581;
;567;
action;582;
action;583;
;584;
;585;
family;586;
action;587;
;588;
;591;
action;592;
action;595;
west;596;
action;597;
action;598;
action;599;
;604;
;605;
;606;
;607;
action;610;
;612;
;613;
;614;
;615;
;616;
;617;
action;623;
action;622;
;625;
;626;
;627;
;628;
;630;
;632;
;633;
action;636;
;637;
action;638;
;640;
;641;
;643;
;645;
action;646;
action;647;
;648;
adult;650;
adult;653;
;654;
adult;655;
;656;
action;658;
;659;
;660;
;664;
;665;
;666;
;668;
;667;
;669;
;670;
terror;652;
;671;
;674;
action;672;
;675;
;678;
;679;
;680;
;683;
action;684;
;685;
;682;
;687;
action;681;
family;692;
action;559;
;603;
adventure;854;
adult;843;
;694;
action;693;
;695;
;696;
;697;
;698;
action;701;
;702;
;704;
;705;
;706;
;708;
;716;
;719;
west;721;
adult;722;
;724;
;725;
;718;
;726;
;729;
action;730;
action;731;
action;733;
;734;
;735;
;737;
;739;
;738;
;740;
;744;
;745;
;732;
;753;
war;758;
;749;
;750;
;751;
;752;
;761;
;762;
action;764;
;768;
;771;
;772;
adult;775;
action;776;
;777;
;779;
;781;
;782;
;784;
;785;
;786;
action;788;
;789;
adult;790;
action;791;
;792;
thriller;793;
action;798;
;795;
action;796;
;799;
;802;
;800;
;801;
action;803;
;804;
action;805;
;806;
;807;
action;808;
;809;
action;811;
action;812;
;813;
;815;
action;787;
;817;
;816;
;819;
historic;820;
;821;
;822;
;823;
;824;
;825;
;826;
;827;
;830;
;831;
;833;
;835;
adult;836;
;837;
;838;
;839;
;840;
;841;
;842;
;709;
action;711;
action;713;
;844;
;845;
action;847;
;848;
;849;
;851;
action;858;
;859;
;861;
action;863;
;864;
;865;
action;866;
;867;
;869;
action;870;
;871;
;872;
;873;
action;874;
;875;
action;876;
;877;
action;878;
action;879;
;880;
action;881;
;882;
;868;
;885;
;886;
;887;
;888;
;890;
;891;
;894;
;895;
;896;
;897;
;900;
;904;
;905;
action;906;
;907;
;914;
;911;
thriller;915;
;917;
;889;
;924;
;922;
;923;
;926;
;927;
adult;929;
;928;
;933;
;934;
;935;
;940;
action;944;
action;945;
adult;946;
;948;
;950;
terror;951;
;952;
action;955;
;956;
;959;
;963;
;964;
;967;
;968;
adventure;969;
;972;
;970;
;973;
;975;
;978;
;979;
;980;
;981;
;982;
;983;
;984;
;985;
;989;
;996;
;997;
adult;1001;
;1000;
;1004;
action;1006;
;1007;
;1010;
;1011;
;1012;
;1013;
adult;1016;
;1018;
;1019;
;1021;
;1020;
;1022;
;1024;
;1025;
;1026;
;1027;
;1028;
action;1030;
;1031;
;1033;
;1037;
;1038;
;1039;
adult;1040;
action;1041;
;1042;
;1043;
;1047;
;1048;
action;1050;
;1051;
;1052;
;1055;
;1056;
adult;1059;
action;1057;
;1061;
action;1064;
adventure;1071;
;1072;
;1074;
;1075;
;1077;
fiction;1078;
;1079;
action;1081;
;1096;
action;1097;
;1066;
;1067;
adventure;1069;
;1073;
;1083;
;1084;
;1085;
;1086;
thriller;1089;
;1090;
;1099;
;1100;
;1101;
;1102;
adult;1103;
adult;1104;
;1105;
;1106;
;1107;
;1108;
;1109;
;1110;
;1111;
;1112;
;1113;
;1114;
;1116;
;1117;
;1120;
;1121;
;1122;
adult;1124;
action;1125;
;1128;
;1129;
;1131;
;1132;
adult;1133;
;1134;
;1137;
;728;
;958;
;962;
action;965;
action;966;
;1141;
west;1144;
action;1143;
thriller;1145;
;1146;
;1148;
;1149;
action;1150;
;1152;
;1155;
;1158;
;1159;
action;1160;
action;1163;
;1161;
;1167;
;1168;
;1174;
;1176;
;1177;
action;1181;
;1189;
;1191;
thriller;1193;
;1197;
;1198;
;1199;
;1200;
fiction;1204;
action;1205;
;1206;
;1209;
;1210;
;1211;
;1213;
;1214;
;1215;
;1216;
;1217;
adult;1218;
;1221;
;1222;
thriller;1224;
action;1225;
;1228;
terror;1230;
;1234;
;1235;
action;1236;
;1240;
adult;1237;
;1238;
;1242;
fiction;1243;
;1244;
;1245;
;1246;
;1247;
;1248;
;1249;
;1250;
;1253;
;1255;
;1256;
;1260;
;1263;
;1264;
;1267;
;1269;
;1277;
;1284;
war;1282;
;1286;
;1289;
;1292;
;1293;
;1295;
;1296;
;1298;
;1300;
;1301;
;1305;
;1306;
;1307;
;1308;
;1309;
;1311;
;1312;
;1313;
;1265;
;1316;
action;1317;
action;1320;
;1321;
;1326;
;1327;
;1328;
action;1332;
action;1329;
action;1330;
action;1333;
;1338;
;1339;
;1342;
;1353;
;1354;
;1343;
;1346;
;1347;
;1348;
;1349;
;1351;
;1352;
;1355;
;1356;
;1358;
action;1336;
adult;1337;
action;1360;
war;1362;
action;1363;
;1366;
;1367;
;1368;
;1369;
;1372;
;1196;
;1201;
;1219;
;1261;
adult;1270;
;1272;
;1273;
;1274;
;1374;
;1376;
;1377;
action;1380;
;1381;
;1382;
adult;1383;
;1399;
family;1401;
;1400;
;1403;
;1404;
;1402;
adult;1406;
;1407;
;1408;
;1410;
;1411;
action;1412;
;1413;
;1414;
;1415;
action;1416;
;1417;
;1418;
;1419;
action;1420;
;1421;
;1422;
;1427;
adult;1430;
;1429;
;1431;
;1432;
;1433;
comedy;1435;
;1437;
;1438;
;1436;
;1439;
;1440;
thriller;1441;
;1442;
action;1443;
;1444;
adult;1445;
;1446;
war;1428;
;1447;
;1448;
;1450;
;1384;
;1451;
;1452;
;1453;
;1454;
;1455;
adult;1456;
action;1457;
action;1459;
;1385;
;1460;
;1461;
;1462;
action;1463;
;1464;
;1466;
;1467;
adult;1468;
;1469;
;1470;
;1474;
;1476;
action;1473;
;1478;
;1479;
action;1480;
;1482;
;1483;
;1484;
;1465;
;1485;
;1486;
action;1487;
;1488;
;1489;
adult;1491;
;1492;
action;1387;
;1493;
;1494;
thriller;1496;
;1495;
;1497;
;1501;
thriller;1503;
;1504;
action;1505;
war;1506;
;1507;
;1509;
;1512;
;1513;
;1516;
action;1517;
action;1519;
thriller;1518;
;1520;
;1521;
historic;1522;
;1523;
;1525;
;1526;
;1527;
;1528;
;1529;
;1531;
;1532;
;1533;
;1534;
;1536;
thriller;1538;
;1541;
;1549;
action;1550;
action;1551;
;1552;
;1553;
;1556;
;1557;
adventure;1388;
;1558;
;1539;
action;1540;
;1542;
;1544;
;1547;
;1548;
;1389;
war;1561;
;1562;
;1563;
;1564;
;1565;
;1566;
;1567;
;1568;
;1571;
adult;1569;
;1570;
;1572;
;1574;
;1576;
;1577;
;1579;
;1580;
;1581;
;1582;
;1583;
thriller;1584;
;1585;
;1586;
adult;1587;
;1588;
adult;1589;
action;1590;
;1591;
;1593;
;1594;
adult;1596;
;1597;
adult;1390;
;1599;
;1601;
action;1603;
thriller;1609;
;1610;
;1604;
;1605;
adult;1612;
action;1614;
;1615;
adventure;1617;
;1391;
;1619;
;1620;
;1621;
;1622;
;1623;
;1624;
;1625;
;1626;
;1627;
;1628;
action;1629;
action;1630;
;1631;
action;1632;
action;1634;
;1635;
historic;1636;
;1637;
;1638;
;1639;
;1641;
;1643;
adult;1644;
;1392;
;1645;
;1647;
;1648;
;1649;
;1650;
;1653;
;1654;
adult;1655;
action;1656;
;1659;
;1660;
;1661;
;1665;
;1667;
thriller;1668;
adult;1670;
;1671;
;1673;
;1674;
;1677;
;1678;
adult;1679;
;1680;
war;1681;
;1682;
;1683;
;1685;
;1686;
;1688;
adult;1687;
;1690;
adult;1691;
;1694;
;1695;
;1696;
;1697;
;1699;
action;1393;
action;1394;
;1692;
;1693;
thriller;1700;
;1702;
;1703;
;1704;
;1706;
adult;1707;
action;1708;
action;1709;
;1712;
;1713;
;1714;
;1718;
action;1719;
;1720;
;1723;
adult;1722;
;1725;
;1726;
;1727;
action;1724;
action;1728;
;1730;
;1732;
action;1734;
;1739;
;1740;
;1701;
;1733;
;1741;
;1742;
war;1743;
action;1744;
;1745;
family;1747;
;1749;
adult;1751;
;1753;
;1752;
;1754;
;1756;
;1757;
;1758;
;1759;
;1760;
;1761;
;1763;
;1764;
;1767;
;1765;
action;1769;
;1770;
;1772;
;1774;
;1773;
;1775;
;1776;
;1771;
;1777;
;1780;
;1781;
adult;1782;
action;1783;
action;1786;
action;1784;
;1787;
action;1788;
action;1790;
action;1789;
;1791;
action;1792;
;1793;
;1794;
;1795;
;1796;
;1797;
;1798;
;1799;
;1801;
;1803;
;1804;
action;1805;
;1807;
;1395;
;1811;
;1812;
action;1768;
;1816;
;1818;
;1820;
adult;1821;
;1823;
;1824;
;1828;
;1829;
;1830;
action;1831;
;1832;
;1833;
;1836;
action;1837;
;1838;
;1839;
;1834;
;1835;
;1842;
;1843;
action;1844;
;1846;
comedy;1847;
;1850;
action;1851;
;1852;
thriller;1863;
;1864;
adult;1865;
drama;1856;
;1857;
;1854;
;1869;
action;1871;
;1872;
;1873;
action;1874;
action;1875;
;1876;
;1878;
;1879;
action;1880;
;1881;
action;1882;
;1883;
family;1887;
;1862;
;1870;
;1877;
action;1888;
;1889;
;1891;
action;1890;
;1892;
;1894;
;1897;
action;1895;
action;1896;
;1898;
;1899;
action;1901;
;1900;
;1905;
;1906;
;1908;
;1909;
adult;1911;
action;1912;
;1914;
;1907;
action;1915;
;1930;
action;1931;
adult;1938;
;1939;
;1933;
comedy;1934;
;1935;
terror;1936;
;1937;
;1940;
;1942;
;1943;
;1944;
;1945;
;1946;
;1947;
;1948;
;1949;
;1951;
;1950;
action;1952;
;1953;
;1956;
;1957;
action;1424;
;1425;
;1426;
;1917;
;1919;
historic;1918;
;1920;
;1921;
;1922;
;1923;
adult;1924;
;1925;
;1926;
;1928;
action;1929;
;1959;
action;1961;
action;1962;
war;1964;
;1965;
;1969;
;1966;
;1967;
;1968;
;1970;
action;1972;
;1975;
;1976;
;1977;
;1978;
;1979;
;1980;
;1981;
action;1982;
;1983;
;1984;
;1985;
adult;1986;
action;1990;
;1993;
;1994;
action;1995;
;1997;
action;2000;
;2003;
adult;2006;
;2007;
;2012;
;2015;
action;2016;
;2017;
;1988;
;2020;
;2021;
;2022;
action;2025;
;2027;
;2028;
;2029;
action;2034;
;2036;
;2037;
;2040;
action;2042;
adult;2046;
;2047;
;2051;
;2053;
;2054;
action;2055;
;2056;
;2061;
adult;2062;
action;2064;
;2065;
comedy;2066;
;2067;
;2069;
;2070;
;2071;
;2072;
;2074;
;2075;
;2077;
;2078;
;2082;
;2083;
action;2084;
;2085;
adult;2086;
comedy;2087;
;2088;
;2091;
;2093;
;2094;
;2095;
action;2096;
action;2099;
;2100;
action;2101;
;2103;
;2104;
action;2105;
;2106;
;2107;
;2108;
;2109;
;2111;
;2113;
;2114;
;2115;
;2110;
action;2117;
;2118;
;2121;
;2122;
;2123;
;2124;
;2126;
;2129;
;2130;
;2131;
;2132;
;2136;
;2137;
action;2139;
;2140;
;2144;
;2145;
;2146;
;2147;
;2148;
thriller;2149;
;2150;
action;2143;
;2151;
action;2152;
;2154;
;2166;
;2167;
;2168;
thriller;2177;
;2179;
;2181;
comedy;2187;
;2191;
;2193;
;2194;
;2195;
;2196;
;2180;
;2201;
;2202;
action;2203;
;2204;
action;2207;
;2209;
action;2211;
;2214;
;2213;
comedy;2215;
science-fiction;2216;
science-fiction;2218;
;2219;
action;2220;
;2221;
;2222;
;2223;
;2225;
;2226;
;2227;
;2228;
;2229;
action;2234;
;2236;
;2237;
action;2238;
;2239;
;2240;
;2241;
;2242;
action;2245;
;2247;
adult;2248;
;2249;
;2252;
;2253;
west;2255;
;2259;
;2262;
;2264;
;2265;
;2266;
;2267;
;2270;
;2271;
adult;2272;
action;2273;
;2274;
;2275;
;2277;
action;2278;
;2282;
;2284;
;2285;
;2288;
;2287;
;2289;
;2292;
;2294;
;2295;
family;2296;
;2297;
action;2298;
;2300;
musical;2299;
action;2303;
war;2305;
action;2306;
;2308;
;2312;
action;2313;
;2314;
;2316;
fiction;2317;
;2318;
action;2319;
;2320;
action;2321;
action;2322;
;2323;
;2325;
;2326;
;2328;
;2327;
;2329;
;2331;
;2333;
adult;2334;
;2335;
;2336;
;2339;
;2341;
adventure;2343;
;2349;
;2350;
adult;2244;
;2364;
;2365;
;2366;
;2367;
adult;2368;
;2369;
;2370;
;2371;
;2372;
action;2374;
;2375;
adult;2376;
action;2377;
;2381;
thriller;2382;
;2384;
;2389;
;2391;
;2392;
;2390;
;2393;
action;2394;
action;2397;
action;2399;
;2400;
;2401;
;2406;
;2407;
;2408;
action;2409;
action;2411;
action;2412;
adventure;2413;
;2415;
action;2414;
;2424;
;2420;
;2421;
action;2426;
;2429;
;2430;
;2431;
;2433;
;2434;
;2435;
;2436;
;2437;
action;2419;
;2438;
;2439;
action;2440;
;2441;
;2442;
;2443;
;2444;
;2446;
;2447;
;2448;
;2449;
;2450;
;2451;
action;2452;
action;2453;
;2445;
;2378;
adult;2454;
;2457;
;2456;
;2458;
;2461;
;2464;
;2471;
;2472;
;2475;
action;2477;
;2478;
;2479;
;2480;
;2482;
action;2483;
;2484;
adult;2486;
;2487;
;2488;
;2489;
;2490;
;2491;
;2492;
action;2493;
;2496;
;2495;
adult;2498;
action;2499;
;2503;
adult;2504;
;2505;
;2506;
;2507;
historic;2508;
action;2509;
;2510;
adult;2512;
adult;2513;
;2514;
action;2515;
;2516;
;2519;
family;2520;
;2523;
action;2524;
;2526;
;2527;
;2530;
;2531;
;2534;
;2536;
;2535;
;2539;
action;2540;
;2541;
;2542;
;2543;
;2544;
;2545;
;2548;
;2547;
;2551;
;2552;
;2553;
;2555;
;2559;
;2563;
action;2564;
adult;2565;
;2572;
action;2574;
;2575;
;2577;
;2576;
war;2578;
action;2582;
;2583;
;2573;
;2460;
;2459;
;2497;
;2579;
;2586;
;2587;
historic;2589;
action;2590;
;2591;
;2593;
;2596;
action;2597;
;2598;
;2599;
;2600;
action;2601;
;2602;
;2603;
;2604;
;2605;
;2606;
;2607;
;2608;
action;2609;
action;2610;
action;2613;
;2614;
comedy;2616;
action;2617;
;2618;
;2619;
;2636;
;2641;
;2621;
;2622;
;2623;
;2624;
;2625;
;2626;
;2627;
;2628;
;2629;
;2630;
;2631;
;2632;
;2643;
musical;2644;
action;2645;
action;2647;
;2648;
action;2649;
;2650;
;2652;
;2655;
;2656;
;2658;
;2659;
;2661;
action;2662;
;2663;
;2666;
;2665;
;2667;
;2670;
adult;2664;
;2671;
;2673;
;2672;
;2674;
;2675;
;2676;
action;2677;
;2678;
;2679;
;2680;
;2651;
;2681;
;2682;
;2683;
;2684;
;2685;
;2686;
;2687;
;2688;
;2689;
;2690;
;2692;
;2693;
action;2694;
;2695;
;2696;
;2697;
;2699;
;2700;
;2702;
action;2703;
;2704;
action;2705;
;2706;
;2707;
;2708;
;2709;
action;2710;
;2711;
adult;2712;
;2715;
family;2716;
action;2717;
;2718;
action;2719;
;2720;
adult;2722;
;2723;
;2726;
;2727;
action;2730;
comedy;2731;
;2733;
;2734;
;2735;
;2736;
;2737;
;2738;
action;2739;
;2741;
adult;2742;
;2745;
comedy;2746;
;2748;
;2749;
adult;2724;
;2725;
;2753;
action;2754;
;2755;
family;2756;
family;2757;
;2758;
action;2760;
;2761;
adult;2762;
;2763;
action;2764;
;2765;
action;2768;
;2769;
;2770;
;2771;
action;2772;
;2752;
action;3291;
;3292;
;3295;
;3299;
adult;3301;
;3302;
comedy;3304;
action;3308;
action;3309;
;2773;
;3401;
;3430;
;3433;
;3455;
;3456;
;3457;
;3458;
;3459;
;2774;
;3462;
;3465;
;3466;
;3467;
;3468;
historic;3478;
;3486;
comedy;3488;
action;3514;
;3515;
adult;3532;
;3533;
adult;3657;
action;3668;
;3669;
;3425;
action;3463;
;2800;
;2801;
;2802;
;2803;
adult;2804;
;2805;
action;2806;
;2809;
action;2810;
;2811;
;2812;
;2814;
;2777;
action;2817;
;2819;
;2820;
;2778;
;2821;
;2822;
;2823;
;2824;
;2825;
action;2826;
action;2827;
;2829;
adult;2828;
;2833;
science-fiction;2834;
war;2836;
action;2837;
;2838;
;2839;
;2841;
;2842;
;2843;
action;2844;
;2846;
;2847;
;2779;
;2849;
;2848;
;2850;
;2780;
;2781;
action;2852;
;2861;
action;2853;
;2855;
;2857;
adult;2858;
;2859;
;2862;
;2863;
;2840;
adult;2783;
;2864;
;2866;
;2867;
adult;2868;
;2869;
adult;2870;
;2872;
;2873;
action;2874;
;2875;
;2876;
west;2877;
;2878;
;2879;
;2884;
adult;2885;
;2890;
;2891;
;2892;
;2893;
;2894;
;2784;
;2896;
action;2898;
;2899;
;2900;
;2901;
terror;2903;
;2902;
;2845;
;2906;
;2907;
;2908;
;2909;
;2910;
adult;2911;
;2912;
;2913;
;2914;
;2915;
;2916;
;2917;
;2918;
;2919;
;2921;
adult;2922;
action;2923;
;2924;
adult;2925;
;2926;
;2927;
;2928;
;2929;
;2930;
;2931;
;2933;
action;2934;
action;2935;
;2936;
;2937;
action;2938;
;2939;
;2941;
;2940;
;2942;
action;2943;
action;2946;
action;2945;
family;2947;
;2948;
adult;2949;
action;2950;
action;2951;
;2952;
;2789;
;2953;
;2954;
;2955;
;2957;
;2958;
;2963;
;2964;
action;2965;
;2966;
;2962;
historic;2968;
;2969;
action;2970;
;2971;
action;2973;
action;2975;
thriller;2979;
;2980;
;2981;
adult;2982;
;2983;
;2984;
fiction;2985;
;2986;
;2987;
;2988;
;2989;
;2990;
;2991;
;2992;
;2993;
;2994;
;2995;
family;2996;
fiction;2997;
action;2998;
musical;2999;
musical;3000;
action;3001;
;3002;
;3003;
;3004;
;3005;
;3006;
;3010;
;3013;
action;3015;
;2791;
action;2792;
adult;3017;
;3018;
;3019;
;3021;
;3007;
comedy;3023;
thriller;3022;
;3025;
;3026;
;3027;
action;3028;
;3030;
action;3031;
action;3033;
;3036;
;3037;
adult;3038;
terror;3041;
;3042;
;3043;
;3046;
;3047;
action;3049;
;3050;
action;3053;
;3052;
;3054;
action;3055;
action;3056;
;3057;
;3058;
;2793;
adult;3059;
adult;3060;
;3061;
adult;3062;
adult;3063;
;3064;
terror;3065;
;3066;
;3067;
;3068;
;3069;
;3070;
;3024;
;3035;
;3040;
;3071;
action;3073;
;3074;
action;3075;
;3076;
;3081;
action;3082;
;3084;
;3085;
action;3088;
;3089;
;3090;
;3091;
;3097;
thriller;3098;
;3099;
;3100;
adult;3101;
;3102;
;3103;
;3106;
;3107;
adult;3109;
action;3110;
;3111;
;3113;
;3115;
;3116;
;3117;
;3119;
action;3121;
;3122;
;3123;
adult;3124;
;3125;
action;3129;
;3132;
;3133;
war;3131;
;3134;
;3135;
;3137;
;3139;
;3140;
;3142;
;3141;
;3145;
;3144;
;3146;
;3147;
;3149;
action;3153;
;3154;
;2795;
;2796;
;3155;
family;3157;
;3158;
;3159;
;3160;
comedy;3162;
adventure;3163;
;3164;
;3165;
;3170;
;3171;
;3172;
;3175;
;3176;
;3151;
;3152;
;2797;
;3179;
family;3180;
;3182;
;3183;
action;3184;
;3186;
adult;3191;
;2798;
;3192;
thriller;3190;
;3193;
;3194;
;3195;
;3196;
;3198;
;3199;
;3200;
;3202;
action;3204;
;3206;
action;3207;
;3208;
;3213;
;3215;
;3216;
;3217;
;3218;
;3219;
;3220;
;3222;
action;3224;
;3226;
;3228;
;3229;
;3230;
;3231;
terror;3233;
action;3225;
;3242;
;3243;
action;3244;
;3245;
;3246;
;3248;
;3249;
adult;3250;
;3251;
;3253;
;3256;
musical;3257;
;3258;
;3259;
;3260;
;3262;
adult;3265;
;3266;
;3267;
comedy;3268;
;3269;
;3273;
action;3271;
adult;3275;
action;3276;
;3277;
;3278;
west;3282;
;3284;
adult;3285;
;3235;
;3236;
;3237;
;3238;
;3239;
;3240;
action;3241;
;3286;
;3288;
action;3289;
;3293;
;3294;
;3298;
;3300;
action;3303;
;3311;
drama;3312;
;3315;
;3317;
;3316;
terror;3318;
;3319;
action;3320;
action;3322;
;3323;
adult;3324;
action;3326;
;3328;
;3329;
;3330;
;3332;
;3333;
;3334;
action;3335;
;3337;
adult;3338;
adult;3340;
adult;3345;
adult;3344;
;3346;
;3314;
adult;3347;
;3348;
;3350;
action;3351;
action;3352;
;3353;
;3354;
action;3355;
action;3356;
;3357;
thriller;3358;
war;3359;
;3361;
action;3362;
;3365;
action;3367;
action;3369;
;3370;
;3371;
;3373;
;3374;
;3375;
;3376;
;3378;
;3379;
;3380;
;3382;
;3383;
;3384;
;3385;
;3388;
;3389;
;3390;
action;3391;
;3386;
adult;3387;
;3393;
action;3394;
action;3395;
action;3396;
;3397;
;3398;
action;3400;
;3402;
;3404;
;3405;
action;3406;
;3407;
family;3408;
adult;3409;
;3410;
;3411;
action;3412;
;3413;
;3415;
action;3416;
action;3417;
;3418;
;3419;
adventure;3420;
action;3421;
;3422;
;3426;
;3427;
;3432;
;3438;
action;3439;
;3441;
;3444;
action;3445;
;3446;
;3447;
;3451;
war;3452;
;3454;
action;3461;
action;3464;
;3470;
action;3471;
;3472;
;3474;
;3475;
action;3476;
action;3479;
;3489;
action;3491;
;3490;
;3492;
;3496;
;3500;
;3504;
;3493;
;3506;
;3507;
;3516;
adult;3517;
;3518;
action;3524;
family;3523;
action;3525;
;3527;
;3531;
;3528;
;3529;
adult;3534;
;3538;
;3539;
action;3540;
;3542;
thriller;3548;
;3545;
;3544;
;3549;
;3550;
;3551;
;3552;
action;3553;
;3555;
;3556;
adult;3557;
;3559;
adult;3560;
;3562;
action;3554;
;3563;
;3566;
;3567;
;3568;
;3536;
;3571;
adventure;3572;
;3575;
;3577;
;3578;
;3579;
;3581;
;3582;
;3583;
;3584;
action;3586;
;3587;
thriller;3588;
action;3591;
thriller;3594;
;3595;
;3596;
;3593;
;3597;
;3598;
;3601;
;3607;
adventure;3608;
;3609;
;3610;
;3611;
;3613;
;3614;
;3616;
adult;3617;
action;3618;
action;3619;
;3620;
;3621;
;3622;
;3623;
;3625;
;3612;
;3626;
;3627;
action;3628;
adventure;3630;
;3632;
action;3633;
adult;3634;
;3639;
action;3640;
action;3642;
adult;3641;
action;3643;
musical;3543;
;3637;
;3645;
;3648;
;3650;
;3651;
;3652;
;3653;
;3654;
;3655;
;3656;
;3659;
action;3658;
;3661;
action;3660;
;3667;
;3662;
;3663;
;3666;
;3670;
;3671;
;3672;
;3673;
;3296;
;3297;
;3675;
action;3676;
;3678;
action;3679;
;3680;
war;3682;
;3683;
action;3687;
action;3684;
;3686;
;3688;
;3692;
;3694;
;3698;
;3699;
family;3700;
;3702;
;3703;
;3704;
;3705;
;3708;
;3710;
;3711;
;3712;
;3713;
action;3715;
war;3714;
action;3716;
;3717;
;3724;
;3725;
;3728;
;3727;
action;3726;
comedy;3718;
;3719;
;3722;
;3732;
;3733;
;3734;
;3736;
;3737;
action;3739;
action;3740;
;3742;
;3743;
action;3744;
;3745;
;3747;
action;3748;
;3750;
;3751;
;3752;
;3754;
action;3755;
;3756;
;3757;
;3763;
;3767;
;3768;
;3769;
;3770;
;3771;
;3762;
;3772;
action;3776;
;3778;
;3779;
;3780;
;3784;
;3782;
action;3781;
;3761;
;3797;
;3798;
action;3799;
;3802;
action;3804;
action;3803;
;3805;
action;3806;
;3807;
;3808;
action;3809;
;3811;
;3812;
;3814;
;3816;
;3817;
;3819;
;3820;
;3821;
action;3823;
action;3824;
;3825;
;3828;
;3833;
;3834;
;3837;
;3835;
;3836;
drama;3838;
war;3841;
;3839;
action;3842;
;3843;
;3844;
;3846;
action;3847;
science-fiction;3848;
;3849;
;3850;
;3854;
;3856;
;3860;
;3861;
;3862;
;3863;
;3864;
action;3865;
adult;3869;
action;3870;
;3871;
;3872;
war;3873;
;3874;
drama;3875;
;3876;
;3877;
;3878;
;3867;
adult;3879;
;3880;
;3882;
;3883;
;3884;
;3885;
;3886;
;3868;
;3888;
;3889;
;3890;
;3891;
;3892;
adult;3893;
;3894;
;3895;
adult;3896;
;3897;
;3898;
;3899;
adult;3900;
action;3903;
action;3905;
;3908;
;3906;
;3912;
;3914;
;3915;
;3916;
;3920;
;3921;
;3923;
;3927;
action;3928;
;3929;
;3930;
;3932;
;3933;
;3934;
;3935;
action;3938;
;3940;
;3951;
;3953;
family;3954;
action;3955;
;3956;
;3958;
action;3959;
;3960;
;3961;
;3962;
terror;3963;
;3964;
action;3965;
;3966;
;3967;
;3968;
;3969;
war;3970;
;3971;
;3973;
thriller;3975;
;3976;
;3977;
;3979;
;3980;
;3982;
;3984;
;3985;
;3986;
;3987;
adult;3988;
;3990;
;3989;
action;3991;
;3995;
;3999;
;4000;
;4002;
;4001;
;4011;
;4012;
;3996;
;3997;
;3998;
action;4014;
;3706;
;3773;
thriller;3785;
;3786;
;3787;
action;3788;
;3791;
adult;3794;
;3800;
;3801;
action;3826;
;3855;
;3909;
;3978;
;4008;
;4017;
;4018;
;4020;
adult;4021;
;4023;
;4024;
action;4025;
;4026;
;4027;
;4028;
;4029;
;4030;
;4032;
;4033;
;4034;
;4035;
action;4038;
;4039;
;4041;
;4043;
;4044;
war;4047;
;4048;
action;4049;
action;4051;
;4052;
war;4053;
;4054;
;4056;
;4059;
;4060;
;4061;
;4062;
;4063;
;4064;
;4065;
;4066;
;4068;
;4070;
;4071;
;4076;
;4077;
;4078;
;4079;
;4080;
;4082;
;4083;
adult;4086;
;4087;
;4089;
action;4090;
;4092;
adult;4093;
;4094;
;4097;
;4098;
;4099;
;4100;
;4096;
;4105;
;4114;
;4106;
;4108;
;4117;
;4116;
;4120;
;4122;
;4124;
;4125;
;4126;
;4128;
;4129;
;4131;
;4132;
;4135;
;4137;
;4136;
;4140;
;4141;
;4142;
;4155;
;4147;
;4148;
;4149;
;4153;
;4152;
;4156;
;4036;
;4037;
;4042;
;4144;
;4159;
;4160;
;4161;
;4157;
;4164;
thriller;4158;
;4165;
;4166;
;4167;
;4169;
;4172;
;4173;
;4175;
thriller;4177;
action;4179;
;4180;
adult;4183;
;4185;
adult;4186;
;4187;
;4189;
;4188;
;4191;
;4192;
action;4194;
;4195;
;4196;
;4197;
;4198;
;4199;
;4203;
;4204;
;4205;
;4206;
;4207;
thriller;4210;
;4212;
;4213;
;4208;
action;4214;
action;4215;
;4216;
;4217;
;4220;
action;4221;
terror;4222;
;4225;
;4226;
adult;4227;
action;4228;
;4229;
;4230;
;4231;
;4232;
;4233;
;4234;
;4235;
;4236;
;4242;
action;4243;
;4244;
;4245;
action;4246;
;4248;
;4250;
;4252;
;4253;
;4254;
;4255;
;4256;
;4258;
;4263;
;4265;
;4267;
;4270;
;4271;
;4273;
;4275;
;4277;
;4278;
fiction;4279;
;4281;
;4283;
adult;4287;
;4290;
;4291;
;4295;
;4296;
;4292;
action;4297;
;4300;
;4301;
;4303;
;4307;
;4309;
;4310;
;4312;
;4304;
musical;4313;
;4316;
;4317;
;4320;
adventure;4321;
;4322;
adult;4330;
;4329;
;4325;
;4326;
;4327;
adult;4328;
;4331;
;4332;
;4333;
;4334;
;4335;
;4336;
;4339;
action;4340;
;4341;
;4342;
;4264;
;4343;
;4344;
;4345;
science-fiction;4346;
;4349;
action;4350;
;4353;
;4354;
;4355;
;4356;
;4358;
action;4360;
musical;4363;
;4364;
action;4365;
action;4366;
;4367;
;4368;
;4370;
comedy;4372;
action;4374;
adult;4375;
;4376;
;4377;
action;4378;
action;4380;
;4379;
;4382;
;4384;
;4387;
;4390;
;4391;
;4392;
action;4394;
action;4393;
;4398;
;4400;
;4399;
;4401;
;4402;
;4403;
adult;4404;
;4407;
adult;4408;
;4409;
action;4410;
;4412;
;4413;
;4414;
;4415;
;4416;
;4417;
war;4419;
;4422;
;4423;
;4424;
;4425;
action;4427;
;4429;
;4433;
family;4435;
adult;4438;
adult;4439;
;4441;
;4443;
;4444;
;4445;
action;4448;
;4450;
adult;4451;
;4452;
;4453;
;4454;
;4458;
action;4459;
;4461;
;4462;
;4463;
comedy;4464;
;4465;
adult;4466;
;4467;
action;4472;
;4473;
;4475;
;4479;
;4483;
action;4484;
;4485;
;4487;
;4488;
adult;4490;
;4491;
;4492;
action;4493;
;4496;
;4497;
action;4498;
;4499;
;4505;
action;4508;
;4509;
;4512;
;4501;
;4514;
;4515;
;4516;
;4523;
;4524;
;4526;
adult;4527;
action;4528;
action;4530;
;4534;
family;4504;
;4510;
;4511;
;4533;
;4532;
;4536;
drama;4537;
;4538;
;4539;
;4540;
;4541;
;4544;
;4546;
;4547;
action;4548;
;4550;
;4552;
;4553;
;4554;
;4555;
;4556;
;4557;
;4558;
;4269;
;4274;
;4280;
;4318;
;4411;
;4560;
;4566;
;4569;
action;4575;
;4577;
;4582;
;4578;
;4589;
;4594;
;4598;
;4599;
;4600;
;4601;
;4602;
;4595;
;4573;
;4562;
;4561;
action;4571;
;4607;
;4608;
action;4609;
;4612;
;4613;
comedy;4615;
;4616;
;4617;
;4618;
;4619;
;4610;
;4621;
action;4622;
;4606;
;4625;
;4626;
;4627;
;4629;
thriller;4632;
;4634;
;4635;
;4638;
;4639;
adventure;4642;
;4644;
;4643;
;4645;
;4646;
action;4647;
;4648;
;4651;
;4655;
;4656;
;4657;
;4658;
war;4663;
;4662;
;4664;
;4665;
;4667;
action;4668;
;4672;
action;4673;
;4675;
;4676;
;4677;
;4680;
;4681;
;4682;
;4683;
action;4685;
;4686;
;4687;
;4688;
action;4693;
;4690;
;4689;
;4694;
;4695;
;4697;
;4698;
;4696;
;4700;
;4704;
action;4705;
;4706;
;4707;
;4709;
;4710;
;4712;
;4713;
west;4714;
;4716;
;4653;
;4654;
war;4678;
;4720;
action;4729;
;4734;
;4736;
;4740;
;4741;
;4733;
;4742;
action;4743;
;4744;
;4746;
;4748;
;4749;
;4751;
adult;4752;
;4754;
;4755;
;4757;
thriller;4758;
;4759;
;4760;
;4762;
;4763;
;4764;
;4765;
;4766;
;4767;
;4768;
;4769;
;4770;
;4771;
;4772;
;4773;
adult;4775;
;4778;
;4779;
;4780;
;4781;
action;4747;
;4782;
;4783;
;4784;
;4786;
;4789;
;4790;
;4791;
;4793;
;4795;
adult;4796;
;4799;
action;4801;
;4803;
;4804;
;4805;
action;4807;
;4809;
thriller;4811;
;4814;
;4812;
;4815;
;4816;
;4819;
;4827;
adult;4828;
;4829;
action;4830;
;4832;
action;4834;
;4835;
;4836;
;4837;
;4839;
;4840;
adult;4841;
;4843;
;4842;
action;4844;
adult;4845;
adult;4846;
;4847;
;4848;
adult;4849;
;4822;
;4823;
;4850;
adult;4851;
;4853;
adult;4854;
;4855;
;4857;
;4859;
;4860;
;4862;
action;4863;
;4864;
;4867;
;4868;
;4869;
;4870;
;4872;
;4873;
;4874;
;4876;
;4878;
;4879;
;4880;
;4882;
action;4883;
;4884;
;4886;
;4887;
thriller;4891;
;4893;
historic;4895;
action;4896;
;4899;
action;4900;
;4902;
;4903;
action;4908;
;4909;
;4911;
;4912;
action;4913;
;4914;
action;4915;
action;4918;
;4920;
action;4922;
war;4923;
;4924;
;4926;
;4925;
;4927;
family;4928;
;4929;
;4930;
action;4932;
;4939;
;4940;
;4943;
;4945;
;4946;
;4947;
;4948;
;4953;
;4954;
;4949;
;4958;
;4959;
;4962;
;4952;
thriller;4963;
action;4964;
;4965;
;4966;
;4719;
;4969;
;4970;
;4971;
;4972;
action;4973;
adult;4976;
adult;4977;
;4978;
;4980;
;4981;
;4983;
action;4984;
;4985;
;4989;
;4998;
;4997;
;4992;
;4993;
;4994;
;4995;
;4996;
;4999;
;5000;
;5001;
action;5003;
;5005;
;5011;
action;5012;
;5014;
;5016;
action;5017;
;5018;
action;5019;
;5020;
;5021;
;4990;
;4723;
adult;4726;
;4727;
;4728;
;4756;
action;4792;
;4794;
;4866;
;4871;
action;4901;
;4910;
;4933;
;4935;
;4936;
;4937;
;4938;
;4988;
fiction;5010;
;5024;
;5026;
action;5028;
;5027;
;5029;
action;5030;
;5038;
action;5041;
;5043;
;5045;
action;5048;
action;5044;
;5055;
;5056;
;5057;
adult;5058;
;5059;
;5061;
action;5063;
adult;5060;
;5064;
;5065;
;5066;
;5069;
action;5071;
;5080;
;5083;
;5084;
;5086;
adult;5087;
;5089;
;5090;
war;5091;
;5092;
;5093;
action;5094;
;5096;
;5101;
;5103;
;5106;
historic;5104;
action;5107;
action;5108;
;5109;
family;5110;
;5111;
action;5113;
;5114;
;5116;
;5115;
;5119;
;5117;
action;5121;
;5122;
;5123;
action;5125;
action;5128;
;5129;
action;5130;
action;5131;
;5132;
action;5134;
action;5135;
action;5136;
action;5137;
;5138;
action;5139;
;5140;
;5141;
action;5142;
action;5143;
;5144;
;5145;
action;5146;
;5147;
action;5150;
;5151;
;5153;
;5155;
;5157;
action;5158;
;5159;
;5160;
action;5164;
;5161;
;5162;
;5165;
action;5166;
;5167;
;5170;
;5171;
;5173;
;5172;
action;5174;
;5175;
;5178;
;5179;
;5180;
;5181;
;5184;
;5185;
;5186;
;5187;
;5190;
action;5193;
;5195;
;5197;
;5198;
;5199;
;5200;
adult;5201;
;5203;
;5205;
action;5208;
;5212;
;5213;
;5214;
adult;5216;
;5217;
action;5218;
;5219;
action;5220;
;5221;
;5226;
;5227;
;5229;
;5230;
;5232;
action;5233;
;5236;
action;5237;
;5238;
;5239;
adult;5240;
;5241;
;5242;
;5245;
action;5247;
;5248;
;5249;
;5251;
;5255;
;5257;
;5258;
;5259;
;5260;
;5266;
;5268;
;5271;
adult;5273;
;5274;
west;5278;
action;5280;
action;5282;
action;5283;
;5284;
;5286;
;5231;
;5235;
;5234;
;5243;
;5244;
;5253;
;5288;
;5290;
action;5292;
;5293;
;5295;
action;5296;
;5297;
;5298;
action;5302;
;5303;
adult;5169;
;5289;
;5291;
;5294;
;5314;
action;5315;
;5317;
;5316;
;5318;
;5319;
;5320;
;5321;
;5322;
action;5323;
;5325;
adventure;5326;
action;5327;
;5333;
;5334;
action;5335;
;5328;
;5329;
;5331;
;5338;
;5339;
;5340;
;5341;
action;5342;
;5343;
;5344;
;5347;
action;5348;
;5349;
;5350;
action;5354;
;5356;
;5358;
action;5363;
;5364;
;5365;
;5367;
;5368;
adult;5369;
;5370;
;5371;
;5372;
action;5373;
;5375;
;5376;
;5337;
;5379;
;5380;
;5381;
action;5383;
;5384;
;5385;
thriller;5386;
;5387;
;5382;
;5389;
;5390;
;5393;
;5394;
family;5395;
;5396;
;5397;
;5398;
adult;5399;
;5406;
;5402;
;5403;
;5404;
;5407;
;5408;
fiction;5409;
;5410;
;5413;
;5411;
;5414;
;5415;
;5416;
thriller;5417;
;5418;
;5420;
;5422;
family;5423;
;5424;
action;5425;
;5426;
;5427;
;5428;
;5429;
;5430;
;5432;
;5431;
;5433;
action;5434;
;5435;
action;5436;
;5437;
;5439;
family;5441;
war;5442;
;5444;
;5446;
;5447;
;5448;
;5450;
;5451;
;5304;
;5452;
;5456;
;5455;
action;5457;
;5459;
;5458;
;5460;
action;5461;
;5464;
;5466;
;5470;
;5473;
;5478;
;5479;
;5480;
;5481;
adult;5484;
;5486;
;5493;
;5495;
;5496;
;5499;
;5503;
;5506;
;5507;
;5510;
;5511;
;5512;
action;5513;
;5514;
;5515;
;5518;
;5519;
action;5520;
;5521;
adult;5522;
action;5523;
action;5524;
action;5525;
;5526;
adult;5527;
;5530;
;5531;
;5537;
;5539;
;5540;
;5542;
action;5547;
;5548;
;5549;
;5552;
adult;5553;
;5554;
action;5556;
adult;5557;
adult;5555;
;5558;
;5559;
;5560;
;5564;
;5568;
;5571;
;5576;
;5578;
;5580;
;5581;
;5583;
;5546;
adult;5586;
action;5588;
;5589;
adventure;5590;
;5591;
thriller;5596;
;5599;
action;5465;
;5504;
action;5509;
;5532;
;5544;
;5551;
;5600;
action;5602;
;5603;
;5604;
;5605;
action;5606;
action;5607;
action;5608;
;5609;
;5610;
;5612;
;5613;
;5619;
;5621;
;5615;
;5626;
;5627;
;5628;
action;5631;
;5634;
;5635;
;5636;
;5637;
;5638;
;5641;
;5642;
action;5643;
;5644;
action;5645;
musical;5646;
;5648;
;5649;
action;5650;
;5651;
;5652;
;5654;
drama;5655;
;5656;
;5658;
action;5660;
;5661;
action;5662;
;5663;
;5664;
adult;5665;
;5669;
adult;5674;
;5675;
;4;
;6;
action;7;
;5;
war;9;
action;11;
adult;12;
;13;
;17;
family;18;
;29;
action;30;
;19;
thriller;26;
;27;
;28;
;31;
action;32;
action;35;
;36;
;37;
;2;
;3;
action;1;
;100;
;104;
thriller;103;
;107;
;108;
;110;
;111;
;113;
action;114;
;115;
;125;
action;122;
;123;
;117;
action;118;
;127;
;129;
;217;
family;257;
;256;
;398;
;402;
;445;
action;499;
;1955;
;2079;
action;2081;
;2089;
;2090;
action;2162;
family;2230;
;2592;
adult;4218;
;4219;
;4240;
;4241;
;5305;
;5308;
;5309;
action;5310;
;5312;
thriller;5313;
;5449;